school-eng	name	address	address-match
102256	Purcell School	9B1AK1J	
117065	Weston Way Nursery School	2X6MXMZY	
117066	Arlesdene Nursery School and Pre-School	4D4TEC	byhand
117067	Greenfield Nursery School	4D4SBT	
117068	Batford Nursery School	2X6MTFQ8	
117069	Birchwood Nursery School	2X6MTB00	
117070	Heath Lane Nursery School	9AQJZND	
117071	York Road Nursery School	2X6MXJA5	
117072	Rye Park Nursery School	4D5GWB	
117073	Nevells Road Nursery School	9C3H97E	byhand
117074	Muriel Green Nursery School	2X6MHB38	byhand
117075	London Colney Nursery School	2X6MTBMX	byhand
117076	Kingswood Nursery School	2X6MYGEW	
117077	Oxhey Early Years Centre	2X6MYCMV	
117078	Tenterfield Nursery School	2X6MTG52	
117079	Ludwick Nursery School	2X6MTH2N	byhand
117080	Peartree Way Nursery School	9C3QP0K	
117081	Wall Hall Nursery School	9B1AK8C	byhand
117082	Lea Valley Education Support Centre	9ACAQBC	byhand
117083	Abbots Langley School	5T8FR7NZ	byhand
117084	Ashwell Primary School	9C3H2ZH	
117085	Northgate Primary School	2X6MTK10	byhand
117086	Bovingdon Junior School	2X6MV9QV	byhand
117087	Jenyns First School and Nursery	9B09NDE	byhand
117088	Bushey Heath Primary School	9B1AJWD	
117089	Highwood Primary School	9B1AK0C	
117090	Merry Hill Infant School and Nursery	9B1AJY1	byhand
117091	Holdbrook Primary School	4D50QJ	
117092	Four Swannes Primary School	4D50QH	
117093	Chorleywood Primary School	5T8FR9MQ	
117094	Beechfield School	9A2MXPG	
117095	New Briars Primary and Nursery School	2X6MTBHG	byhand
117096	Shepherd Primary	5T8FR93G	
117097	Hobletts Manor Junior School	5T8FVQCE	byhand
117098	The Russell School	5T8FR999	
117099	Cowley Hill School	9B1AJ1X	byhand
117100	Flamstead Village School	2X6MTE37	byhand
117101	Gaddesden Row JMI School	9A2N6TH	byhand
117102	Sauncey Wood Primary School	5T8GM330	
117103	Manland Primary School	2X6MTFDJ	
117104	Gascoyne Cecil Junior School	2X6MTB4W	byhand
117105	Green Lanes Primary School	2X6MTBHN	
117106	George Street Primary School	5T8JQF7A	
117107	Boxmoor Primary School	5T8JQEZ2	byhand
117108	Two Waters Primary School	2X6MV9Y3	
117109	Tudor Primary School	2X6MVAE8	
117110	South Hill Primary School	9A2N6DJ	byhand
117111	Abel Smith School	9B09VV9	
117112	Hexton Junior Mixed and Infant School	9C3H2AA	
117113	Highbury Infant School and Nursery	2X6MXHN8	
117114	Strathmore Infant and Nursery School	5T8GM5Z2	
117115	Highover Junior Mixed and Infant School	2X6MXGR1	
117116	Wilshere-Dacre Junior School	9C3H8GG	
117117	Hunsdon Junior Mixed and Infant School		
117118	Kimpton Primary School	2X6MXHA3	
117119	Breachwood Green Junior Mixed and Infant School	9C3H4CS	
117120	Knebworth Primary and Nursery School	9C3H3W0	
117121	Wilbury Junior School	2X6MXM4C	
117122	Grange Junior School	2X6MXMAX	
117123	Hillshott Infant School and Nursery	2X6MXKC1	
117124	Westbury Primary and Nursery School	9APZHC2	
117125	Hertford Heath Primary and Nursery School	9B09MHA	
117126	Little Hadham Primary School	9B09XQM	
117127	Markyate Village School and Nursery	5T8JQERT	
117128	Pirton School	5T8GM5Z6	
117129	Reed First School	2X6MXNM0	
117130	Yorke Mead Primary School	5T8FRBSD	
117131	Harvey Road Primary School	5T8FR9S8	
117132	Little Green Junior School	5T8FR9SA	
117133	Malvern Way Infant and Nursery School	5T8FR9SP	
117134	Tannery Drift School	2X6MXNAM	
117135	Bernards Heath Infant and Nursery School	2X6MTANG	
117136	Camp Primary and Nursery School	5T8JAKCQ	
117137	Fleetville Junior School	5T8JAG03	
117138	Fleetville Infant and Nursery School	2X6MTAHR	
117139	Garden Fields Junior Mixed and Infant School	5T8JAKZZ	
117140	St Peter's School	2X6MT9N0	
117141	Aboyne Lodge Junior Mixed and Infant School	2X6MTDHF	
117142	Mandeville Primary School	9A1RF1A	
117143	Bernards Heath Junior School	5T8JAQW9	
117144	St Paul's Walden Primary School	2X6MXHA2	
117145	Colney Heath Junior Mixed Infant and Nursery School	2X6MTEC1	
117146	London Colney Primary & Nursery School	2X6MTBMW	
117147	Sandon Junior Mixed and Infant School	2X6MXNX1	
117148	Sandridge School	2X6MTEVR	
117149	Fawbert and Barnard Infants' School	9B09WDC	
117150	Shenley Primary School	9B1AHCZ	
117151	Letchmore Infants' and Nursery School	9C3QN7X	
117152	Fairlands Primary School and Nursery	9C3QN1A	
117153	Therfield First School	2X6MXNSQ	
117154	Walkern Primary School	2X6MXFT3	
117155	The Orchard Primary School	2X6MYG70	
117156	Central Primary School	5T8FR0MP	
117157	Bushey and Oxhey Infant School	5T8FR2HA	
117158	Chater Junior School	2X6MYDFF	
117159	Chater Infant School		
117160	Field Junior School	2X6MYE01	
117161	Watford Field School (Infant & Nursery)	5T8FR161	
117162	Parkgate Junior School	2X6MYFQH	
117163	Parkgate Infants' and Nursery School	2X6MYFQM	
117164	Garston Infants' School		
117165	Knutsford School	2X6MYFQJ	
117166	St Meryl School	2X6MYCWQ	
117167	Cassiobury Junior School	5T8FR15R	
117168	Kingsway Junior School	2X6MYGF8	
117169	Warren Dell Primary School	5T8FR6C3	
117170	Oxhey Wood Primary School	5T8FRCN0	
117171	Watton-at-Stone Primary and Nursery School	9B1RF4K	
117172	Peartree Primary School	2X6MTH0Y	
117173	Blackthorn Junior School	9AE9CV8	
117174	Templewood Primary School	5T8JHBRH	
117175	Holwell Primary School	2X6MTH11	
117176	Widford School	9B09WXS	
117177	Wymondley Junior Mixed and Infant School	2X6MXGZ4	
117178	Tanners Wood Junior Mixed and Infant School	2X6MYKRX	
117179	Havers Infant School		
117180	Hurst Drive Primary School	4D4SBT	
117181	Woodlands Primary School	9B1AJ1Y	
117182	Summerswood Primary School	9B1AHM6	
117183	Kenilworth Primary School	9B1AHNW	
117184	Meryfield Primary School	9B1AJ14	
117185	Salisbury Infants' School	9AE9CV7	
117186	Icknield Infant and Nursery School	2X6MXM4M	
117187	Bowmansgreen Primary School	5T8JAMAR	
117188	Margaret Wix Primary School	5T8JAM3C	
117189	Broom Barns Community Primary School	9ADG70X	
117190	Lea Farm Junior School		
117191	Alban Wood Junior School		
117192	Little Furze Junior Mixed and Infant School		
117193	Greenfields Primary School	2X6MYCZB	byhand
117194	Woodhall Primary School	5T8FR714	
117195	Saffron Green Primary School	9B1AHQY	
117196	Hazelgrove Primary School			
117197	Hobletts Manor Infants' School	9A2N6M9	
117198	Chaulden Junior School	2X6MTSD8	
117199	Roebuck Junior School	9C3QNHH	
117200	Bedwell Primary School	9C3QP13	
117201	Flamstead End Junior School	4D4PHZ	
117202	Chaulden Infants' and Nursery	2X6MTSD8	
117203	Haslewood Junior School	4D5VED	
117204	Roebuck Infant School	9C3QNHH	
117205	Peartree Spring Junior School	5T8FDF2Q	
117206	Peartree Spring Primary School	5T8FDF2Q	
117207	Longmeadow Junior School	5T8FDGYV	
117208	Longmeadow Infant and Nursery School	5T8FDGYV	
117209	Bandley Hill Junior School	9ADG70Y	
117210	Bandley Hill Infants' School	9ADG70Y	
117211	Roundwood Primary School	5T8JAR3E	
117212	Wheatfields Junior Mixed School	9AQQQ70	
117213	Thumbswood Infant School	9AE9CV8	
117214	Chambersbury Primary School	2X6MVA2W	
117215	Broadfield Junior School	5T8JQEN7	
117216	Broadfield Infants' School	2X6MV4MW	
117217	Windermere Primary School	2X6MTAYM	
117218	Anstey First School	9B1RAP4	
117219	Monksmead School	9AE03VX	
117220	Howe Dell Primary School	9AE9DVC	
117221	Almond Hill Junior School	5T8FDH6F	
117222	Oakwood Primary School	2X6MTEAJ	
117223	Northfields Infants and Nursery School	2X6MXMBX	
117224	Purwell Primary School	5T8GM5YV	
117225	Killigrew Junior School	5T8JAQST	
117226	Camps Hill Community Primary School	9C3QPE3	
117227	Harwood Hill Junior Mixed Infant and Nursery School		
117228	Fair Field Junior School	9B1AHFC	
117229	Creswick Primary and Nursery School		
117230	Thorley Hill Primary School	2X6MTKB4	
117231	Micklem Primary School	2X6MTSD9	
117232	Mayfield Infants' School and Nursery	4D609B	
117233	Brookland Junior School	4D559A	
117234	The Reddings Primary School	2X6MVA2V	
117235	How Wood Primary and Nursery School	5T8JAQT4	
117236	Redbourn Infants' and Nursery School	2X6MTDTD	
117237	Lodge Farm Junior Mixed School	9C3QPF8	
117238	Lodge Farm Infants' School		
117239	Rossgate Primary School	2X6MTSE6	
117240	Skyswood Primary & Nursery School	2X6MTEVX	
117241	Martindale Primary and Nursery School	2X6MTSDA	
117242	Bushey Manor Junior School	9B1AK1Q	
117243	Goffs Oak Primary & Nursery School	4D4RPT	
117244	Summercroft Junior School	9B09V9Y	
117245	Eastbury Farm Primary School	5T8FRA25	
117246	Burydale Junior School	9C3QNZ0	
117247	Shephall Green Infant and Nursery School	9C3QNZ4	
117248	Bedmond Village Primary and Nursery School	5T8FR7WQ	
117249	Gade Valley Junior Mixed Infant and Nursery School	2X6MZ9HS	
117250	Cunningham Hill Junior School	9AQQSA0	
117251	Pin Green Primary School and Nursery		
117252	Homerswood Primary and Nursery School	5T8JHBMF	
117253	Whitehill Junior School	2X6MXHN9	
117254	Westfield Primary School and Nursery	5T8JQF0C	
117255	Downfield Primary School	4D50X6	
117256	Pixies Hill Primary School	2X6MTSD7	
117257	Rowans Primary School	2X6MTGAS	
117258	The Grove Junior School	2X6MTEXS	
117259	Pixmore Junior School	9APZNCK	
117260	Swing Gate Infant School and Nursery	2X6MVB3M	byhand
117261	Oaklands Primary School	2X6MTFVS	
117262	Flamstead End Infant and Nursery School	4D4PHZ	
117263	Hollybush Primary School	9B09VVZ	
117264	Oughtonhead Junior School	5T8GM5Z3	
117265	Oughtonhead Infants' School	5T8GM5Z3	
117266	Maple Cross Junior Mixed Infant and Nursery School	5T8FR8QR	
117267	Killigrew Infant and Nursery School	5T8JAQST	
117268	Wheatfields Infants' and Nursery School	9AQQQ70	
117269	Moss Bury Primary School and Nursery	9C3QP1W	
117270	Westfield Community Primary School	4D5ZBM	
117271	Priors Wood Primary School	2X6MXAJ9	
117272	Brookland Infant and Nursery School	4D559A	
117273	Summercroft Infant and Nursery School	9B09V9Y	
117274	Goldfield Infants' and Nursery School	5T8JQEW6	
117275	Tower Primary School	9B09WW3	
117276	Greenway Primary and Nursery School		
117277	Thorn Grove Primary School	2X6MTM1G	
117278	Icknield Walk First School	2X6MXNF3	
117279	Cunningham Hill Infant School	9AQQSA0	
117280	Reedings Junior School	9B09WC0	
117281	The Grove Infant and Nursery School	2X6MTF03	
117282	The Hammond Primary School	5T8JQEQG	
117283	Kings Langley Primary School	5T8JQEXY	
117284	Forres Primary School	4D5JF9	
117285	Martins Wood Primary School	2X6MX9VD	
117286	Dundale Primary School and Nursery		
117287	Crabtree Junior School	2X6MTFQN	
117288	Redbourn Junior School	2X6MTDTD	
117289	Arnett Hills Junior Mixed and Infant School	5T8FR8CN	
117290	Holywell Primary School	5T8FR0E4	
117291	The Firs Junior School		
117292	Trotts Hill Primary and Nursery School	9C3QNTR	
117293	Cassiobury Infant and Nursery School	9CPSB9K	
117294	Panshanger Primary School	2X6MTGAT	
117295	Bovingdon Infants' School		
117296	Bournehall Primary School		
117297	Mill Mead Primary School	9B09W4W	
117298	Maple Primary School	5T8JAQW1	
117299	Round Diamond Primary School	9ADX0GP	
117300	Hartsbourne Primary School	9B1AK05	
117301	Beech Hyde Primary School and Nursery		
117302	Andrews Lane Primary School	4D5ZRZ	
117303	Newberries Primary School	9B1AHFF	
117304	Rickmansworth Park Junior Mixed and Infant School	5T8FR92K	
117305	Mandeville Primary School	9B09WF3	
117306	Giles Junior School	5T8FDH1E	
117307	The Cranbourne Primary School	4D5MF5	
117308	Bromet Primary School	2X6MYCN6	
117309	Millfield First and Nursery School	2X6MXNXS	
117310	Hillmead Primary School	9B09Q1V	
117311	Nascot Wood Junior School	5T8FR16E	
117312	Crabtree Infants' School	2X6MTFQN	
117313	The Ryde School	5T8JHC95	byhand
117314	William Ransom Primary School	5T8GM5Z0	
117315	Prae Wood Primary School	2X6MTD7F	
117316	The Giles Infant and Nursery School	5T8FDH1E	
117317	Kingsway Infants' School	5T8FR163	
117318	Alban Wood Infant and Nursery School	2X6MYGZD	
117319	Kingshill Infant School	5T8HG06K	
117320	Laurance Haines School	5T8FR3MT	
117321	Woodside Primary School	4D4KHF	
117322	Woolenwick Junior School	5T8FDH83	
117323	Woolenwick Infant and Nursery School	5T8FDH83	
117324	Leavesden JMI School	2X6MYGZE	
117325	Springmead Primary School	5T8JHB1W	
117326	Longlands Primary School and Nursery	4D56ZK	
117327	The Lea Primary School and Nursery	5T8JAMXC	
117328	Wheatcroft Primary School	2X6MXBM8	
117329	Mary Exton Primary School	5T8GM5YW	
117330	Lordship Farm Primary School	9C3H4EB	
117331	Studlands Rise First School	2X6MXNSX	
117332	Roman Way First School	2X6MXNAP	
117333	Lime Walk Primary School	2X6MVAGM	
117334	Fairfields Primary School and Nursery	4D4Q88	
117335	Aycliffe Drive Primary School	2X6MV52E	
117336	Holtsmere End Junior School	2X6MV5B2	
117337	Samuel Lucas Junior Mixed and Infant School	9ADWWZ9	
117338	Roselands Primary School	4D5CE2	
117339	Cherry Tree Primary School	5T8FR0ZN	
117340	Coates Way JMI and Nursery School	9A2MY90	
117341	Grove Road Primary School	2X6MV8D9	
117342	High Beeches Primary School	5T8JAR5S	
117343	Barncroft Primary School	5T8JQH12	
117344	Jupiter Drive Junior Mixed and Infant School	2X6MV4WB	
117345	Stonehill School	2X6MXMC2	
117346	Richard Whittington Primary School	2X6MTKGY	
117347	Mount Pleasant Lane Junior Mixed and Infant School and Nursery	5T8JAMHS	
117348	Watchlytes Junior Mixed Infant and Nursery School	2X6MTGVX	
117349	Brockswood Primary School	9A2N4RC	
117350	Lannock Primary School	9C3H64A	
117351	Ryelands Primary School	4D5GPC	
117352	Ashtree Primary School and Nursery	9C3QPDM	
117353	Sheredes Primary School	4D5BFS	
117354	Radburn Primary School	2X6MXKK5	
117355	Applecroft School	2X6MTHMA	
117356	Ley Park Primary School	4D59VX	
117357	Five Oaks Primary and Nursery School	2X6MTBF0	
117358	Wood End School	2X6MTFBZ	
117359	Eastbrook Primary School	2X6MV5B0	
117360	Meriden Primary School		
117361	Bengeo Primary School		
117362	Stream Woods Junior Mixed Infant and Nursery School	2X6MTBEZ	
117363	Morgans Primary School & Nursery	9B09KZQ	
117364	The Leys Primary and Nursery School	2X6MX9R5	
117365	Belswains Primary School	5T8JQGDJ	
117366	Bonneygrove Primary School	4D4MDG	
117367	Burleigh Primary School	4D4WFP	
117368	Hobbs Hill Wood Primary School	2X6MVA3W	
117369	Cranborne Primary School	9AE03PB	
117370	Ladbrooke Junior Mixed and Infant School	9B1AKBC	
117371	Oakmere Primary School	9B1AJKB	
117372	Sunny Bank Junior School		
117373	Sunny Bank Infants' School		
117374	Nascot Wood Infant and Nursery School	5T8FR0J2	
117375	The Pines Junior Mixed and Infant School		
117376	Hartsfield Junior Mixed and Infant School	9C3H4K7	
117377	Holtsmere End Infant and Nursery School	2X6MV5B2	
117378	Commonswood Primary & Nursery School	2X6MTH6E	
117379	Millbrook School	4D4TB6	
117380	Manor Fields Primary School	2X6MTKPQ	
117381	Bellgate Primary School	5T8JQF4Y	
117382	Aldbury Church of England Primary School	2X6MV8DA	
117383	St John's Church of England Infant and Nursery School	9B1AHEP	
117384	St Mary's Infants' School	9APZMWE	
117385	St Mary's Junior Mixed School	9APZMWE	
117386	Barley Church of England Voluntary Controlled First School	2X6MXNGE	
117387	Bayford Church of England Voluntary Controlled Primary School	2X6MXBTA	
117388	Tonwell St Mary's Church of England Primary School	2X6MXAD5	
117389	Benington Church of England Primary School	9B09TXM	
117390	Layston Church of England First School	9B09N7S	
117391	Ashfield Junior School	9B1AJY4	
117392	Codicote Church of England Primary School	2X6MXHA4	
117393	Essendon CofE (VC) Primary School	2X6MTHWN	
117394	Furneux Pelham Church of England School	9B1RA9H	
117395	Graveley Primary School	2X6MXGZ5	
117396	Ponsbourne St Mary's Church of England Primary School	2X6MXBT5	
117397	Hertford St Andrew CofE Primary School	9B09VSP	
117398	High Wych Church of England Primary School	9B1RA9Z	
117399	St Paul's Voluntary Controlled Church of England Infants' School	4D5VED	
117400	Wormley Primary School	4D59VX	
117401	Ickleford Primary School	9C3H9EJ	
117402	Little Munden Church of England Voluntary Controlled Primary School	9B1N3BC	
117403	Preston Primary School	9C3H4EC	
117404	Sarratt Church of England Primary School	9A1SV6E	
117405	Spellbrook Primary School	9B09PAV	
117406	Roger De Clare First CofE School	9B09WFN	
117407	St Andrew's Church of England Voluntary Controlled Primary School	9B09WH6	
117408	Thundridge Church of England Primary School	2X6MXADA	
117409	St Mary's Voluntary Controlled Church of England Junior School	5T8HG06K	
117410	St Catherine's Church of England Primary School	9B09WT8	
117411	Musley Infant School	2X6MXADK	
117412	Wareside Church of England Primary School	9B09XT0	byhand
117413	Weston Primary School	9C3H8X2	
117414	Potten End CofE Primary School	5T8JQEX2	
117415	Dewhurst St Mary CofE Primary School	4D5QVQ	
117416	Leverstock Green Church of England Primary School	9AQK0QK	
117417	St Paul's Church of England Primary School, Langleybury	9A1STCM	
117418	Nash Mills Church of England Primary School	5T8JQ82D	
117419	Albury Church of England Voluntary Aided Primary School	2X6MXA42	
117420	Ardeley St Lawrence Church of England Voluntary Aided Primary School		
117421	Aston St Mary's Church of England Aided Primary School	9B09TW7	
117422	Barkway VA Church of England First School	2X6MXNK3	
117423	Victoria Church of England Infant and Nursery School	5T8JQ7K1	
117424	St Mary's CofE Primary School, Northchurch	5T8JQGB2	
117425	St Joseph's Catholic Primary School	9B09V4B	
117426	St Michael's Church of England Primary School	2X6MTKB7	
117427	St Clement's Church of England Voluntary Aided Junior School	4D609B	
117428	Holy Trinity Church of England Primary School	4D5QTZ	
117429	St Joseph's Catholic Primary School	4D51HB	
117430	All Saints Church of England Voluntary Aided Primary School, Datchworth	9B09VQ6	
117431	St Nicholas Elstree Church of England VA Primary School	9B1AHZ8	
117432	St John the Baptist Voluntary Aided Church of England Primary School	9B09VQM	
117433	Great Gaddesden Church of England Primary School	9A2N3ZG	
117434	St Nicholas CofE VA Primary School	5T8JAR4F	
117435	St John's Voluntary Aided Church of England Primary School, Lemsford	5T8JHC7Q	
117436	St Joseph's Catholic Primary School		
117437	Broxbourne CofE Primary School	4D5AD2	
117438	St Augustine Roman Catholic Primary School	4D5FRY	
117439	Hormead Church of England (VA) First School	9B1N45D	
117440	St Ippolyts Church of England Aided Primary School	2X6MXGZ6	
117441	St Paul's Church of England Voluntary Aided Primary School, Chipperfield	2X6MYKF6	
117442	Norton St Nicholas CofE (VA) Primary School	2X6MXJXW	
117443	Little Gaddesden Church of England Voluntary Aided Primary School	2X6MVAPK	
117444	St Andrew's CofE Primary School and Nursery	9B09WAV	
117445	Offley Endowed Primary School	9C3HAY7	
117446	Cockernhoe Endowed CofE Primary School	9C3H7Z4	
117447	St Mary's Church of England Primary School, Rickmansworth	5T8FR94D	
117448	St Peter's Church of England Voluntary Aided Primary School	2X6MYHQ6	
117449	The Abbey Church of England Voluntary Aided Primary School, St Albans	5T8JAEJ1	
117450	St Alban and St Stephen Roman Catholic Infant and Nursery School	5T8JAQVQ	
117451	St Michael's Church of England Voluntary Aided Primary School, St Albans	5T8JAKVE	
117452	Park Street Church of England Voluntary Aided Primary School	5T8JAHE1	
117453	Puller Memorial, Church of England, Voluntary Aided Primary School	9B1RB29	
117454	St Thomas of Canterbury Roman Catholic Primary School	9B09WFA	
117455	Stapleford Primary School	9B09WHE	
117456	St Nicholas CofE (VA) Primary School and Nursery	9C3QNK2	
117457	Tewin Cowper Church of England Voluntary Aided Primary School	2X6MTFVR	
117458	Bishop Wood Church of England Junior School, Tring	2X6MV8D8	
117459	Long Marston VA Church of England Primary School	5T8JQGSM	
117460	St John's CofE Primary School	5T8JHAGW	
117461	St Michael's Woolmer Green CofE VA Primary School	5T8JHCKE	
117462	St Helen's Church of England Primary School	2X6MTEJG	
117463	St Bartholomew's Church of England Voluntary Aided Primary School, Wigginton	5T8JQEXV	
117464	Our Lady Roman Catholic Primary School	5T8JHBYW	
117465	St Joseph Catholic Primary School	5T8FR5R8	
117466	St Teresa Roman Catholic Primary School	9B1AHH8	
117467	St Andrew's Church of England Voluntary Aided Primary School, Hitchin	5T8GM5Z1	
117468	St Cuthbert Mayne Catholic Junior School	5T8JQ7VV	
117469	St Philip Howard Catholic Primary School	2X6MTBE4	
117470	St Adrian Roman Catholic Primary School	5T8JAQT5	
117471	Saint Albert the Great Catholic Primary School	5T8JQE5F	
117472	All Saints Church of England Primary School and Nursery, Bishop's Stortford	2X6MTM1E	
117473	Christ Church CofE (VA) Primary School and Nursery, Ware	2X6MXAE3	
117474	St Margaret Clitherow Roman Catholic Primary School	9C3QNHJ	
117475	St John Catholic Primary School	5T8FR8CM	
117476	Our Lady Roman Catholic Primary School	9C3H984	
117477	St Thomas More Roman Catholic Primary School	2X6MXKNC	
117478	St Dominic Catholic Primary School	5T8JAR3X	
117479	St Thomas More Roman Catholic Voluntary Aided Primary School	2X6MVBEF	
117480	St John Fisher Roman Catholic Primary School	5T8JAK3D	
117481	The Holy Family Catholic Primary School	5T8HFFSD	
117482	Countess Anne Voluntary Aided Church of England Primary School, Hatfield	5T8JHCB9	
117483	St Cross Catholic Primary School	4D5EF8	
117484	St Rose's Catholic Infants School	2X6MTS96	
117485	Divine Saviour Roman Catholic Primary School	5T8FRBGB	
117486	Holy Rood Catholic Junior School		
117487	St John Roman Catholic Primary School	9C3H55Z	
117488	Sacred Heart Catholic Primary School and Nursery	9B1AJXK	
117489	Saint Bernadette Catholic Primary School	5T8GM26F	
117490	Welwyn St Mary's Church of England Voluntary Aided Primary School	2X6MTG51	
117491	Saint Alban and St Stephen Catholic Junior School	5T8JAH43	
117492	St Paul's Catholic Primary School	4D4Q8A	
117493	Sacred Heart Catholic Primary School	9B09WMT	
117494	Holy Rood RC Infants' School	9A95YCZ	
117495	St Anthony's Catholic Primary School	5T8FR0DR	
117496	Pope Paul Catholic Primary School	9B1AJKK	
117497	St Mary's Church of England Primary School	2X6MTHYM	
117498	Saint Vincent de Paul Catholic Primary School	9C3QP13	
117499	The Priory School	9C3H7F5	
117500	The Hemel Hempstead School	5T8JQ7X5	
117501	Richard Hale School	9B09VXK	
117502	Hitchin Boys' School	2X6MXHSD	
117503	Hitchin Girls' School	2X6MXHBD	
117504	Fearnhill School	9C3H9D6	
117505	Verulam School	5T8FVP7Q	
117506	Presdales School	2X6MXAZE	
117507	Stanborough School	2X6MTHCA	
117508	Langleybury School		
117509	The Knights Templar School	2X6MXN06	
117510	The Hillside School		
117511	Sir John Lawes School	2X6MTFDH	
117512	Adeyfield School	2X6MV4HS	
117513	Norton School		
117514	Beaumont School	2X6MTE5Z	
117515	Barclay School	2X6N0357	
117516	Hawksmoor School	9AE03ZP	
117517	The Heathcote School	2X6MXG43	
117518	Barnwell School	2X6MXG42	
117519	Simon Balle School	2X6MXBT7	
117520	Roundwood Park School	2X6MTFB6	
117521	Lyndhurst Middle School		
117522	Francis Combe School and Community College	9AQ026H	
117523	Longdean School	2X6MV9YH	
117524	St Albans Girls' School	2X6MTDMM	
117525	Sir Frederic Osborn School	2X6MTGFN	
117526	Kings Langley School	5T8JQHE1	
117527	Bishop's Hatfield Girls' School	2X6MTBBS	
117528	The Cavendish School	2X6MTSE5	
117529	The Broxbourne School	4D59W3	
117530	The Nobel School	9C3QPF9	
117531	Turnford School	4D547M	
117532	Westfield Community Technology College	2X6MYE5R	
117533	Collenswood School	9C3QPAP	
117534	Marriotts School		
117535	The Sele School	2X6MXCRP	
117536	Monk's Walk School	5T8JH9XV	
117537	The Highfield School	2X6MXKNB	
117538	Sheredes School	4D5BSY	
117539	Meridian School	2X6MXNC2	
117540	Freman College	2X6MXP1R	
117541	Bridgewater Primary School	5T8JQEGB	
117542	The Greneway School	2X6MXNC1	
117543	Ralph Sadleir Middle School	9B09WFN	
117544	Furzehill Middle School		
117545	Roysia Middle School	2X6MXNAP	
117546	Sir John Newsom School		
117547	Onslow St Audrey's School	2X6MTBBK	
117548	Sandringham School	5T8JAHHX	
117549	Birchwood High School	9B09QS4	
117550	The Thomas Alleyne School	9C3QN4X	
117551	The Chauncy School	2X6MXAD9	
117552	The Astley Cooper School	2X6MV56T	
117553	Tring School	2X6MV863	
117554	Edwinstree Church of England Middle School	2X6MXNXN	
117555	Townsend CofE School	5T8JAHPF	
117556	St George's School	2X6N02Y7	
117557	John F Kennedy Catholic School	2X6MTSAV	byhand
117558	Loreto College	2X6MTA14	
117559	The Thomas Coram Church of England School	5T8JQHHF	
117560	St Mary Roman Catholic Primary School	2X6MXNF8	
117561	Christ Church Church of England School		
117562	Parkside Community Primary School	9B1AHGK	
117563	Hertingfordbury Cowper Primary School	9B09W9Z	
117564	St Giles' CofE Primary School	9B1AJ33	
117565	Cuffley School	2X6MTNZM	
117566	The Wroxham School	9B1AJKR	
117567	Little Heath Primary School	5T8JHCF1	
117568	Little Reddings Primary School	9B1AJVM	
117569	Northaw Church of England Primary School	5T8JH99K	
117570	Brookmans Park Primary School	2X6MTJ65	
117571	St Catherine of Siena Catholic Primary School	5T8FR6JX	
117572	Rickmansworth School	9A1SV4G	
117573	Watford Grammar School for Boys		
117574	Francis Bacon School	9AQQS5E	
117575	Watford Grammar School for Girls	5T8FR333	
117576	Parmiter's School	2X6MYGZH	
117577	The Bishop's Stortford High School	2X6MTK6F	
117578	Ashlyns School	5T8GAB7X	
117579	Dame Alice Owen's School	9B1AJKN	
117580	Bushey Meads School	9B1AK1T	
117581	Bushey Hall School	9B1AJXE	
117582	Queens' School	9AE04NH	
117583	Mount Grace School	9AE051S	
117584	Nicholas Breakspear Catholic School	2X6MTE5Y	
117585	The John Henry Newman Catholic School	9C3QMQ7	
117586	Marlborough School	2X6MT9S6	
117587	Goffs School	4D4ME9	
117588	The Leventhorpe School	2X6MTJCP	
117589	Saint Michael's Catholic High School		
117590	Saint Joan of Arc Catholic School		
117591	Chancellor's School	2X6MTHZS	
117592	The Hertfordshire & Essex High School and Science College	2X6MZTDB	
117593	St Clement Danes School	2X6MYJWD	
117594	St Mary's Catholic School	2X6MTJQC	
117595	St Mary's Church of England High School (VA)	4D5Z7N	
117596	Cheshunt School	4D4TEG	
117597	The John Warner School	4D5J74	
117598	Hockerill Anglo-European College	9B09QK4	
117599	Holmshill School	9B1AJ17	
117600	Abbot's Hill School	2X6MS52Y	
117601	Edge Grove School		
117602	The Aldenham Foundation	9B1AK1W	
117603	Berkhamsted School for Girls	2X6MVB5T	
117604	Berkhamsted School		
117605	Bishop's Stortford College	2X6MZT6T	
117606	St Margaret's School	9B1AJXQ	
117607	Haileybury and Imperial Service College	9B0A2RT	
117608	Aldwickbury School	2X6MTEZM	
117609	Queenswood School	2X6MTHW3	
117610	Westbrook Hay Prep School		
117611	Lockers Park School	2X6MTRZW	byhand
117612	St Christopher School		
117613	St Francis College		
117614	Princess Helena College	9C3HAE9	
117615	Radlett Preparatory School	9AD5AX0	
117616	Merchant Taylors' School	5T8FRA72	byhand
117617	St Albans High School for Girls	2X6MTA18	
117618	Tring Park School for the Performing Arts		
117619	Northfield School		
117620	Beechwood Park School	5T8JQ7WB	
117621	Heath Mount School	9B09XVA	
117622	Sherrardswood School	5T8JHE7M	
117623	Egerton-Rothesay School	2X6MVBCY	
117624	St Hilda's School		
117625	Westwood School		
117626	Harpenden Preparatory School	2X6MTF8X	
117627	St Hilda's School	2X6MTF1V	
117628	Duncombe School	9B09W8M	
117629	St Joseph's in the Park	9B1N3RZ	
117630	Kingshott School	9C3H9WD	
117631	Rudolf Steiner School	9AQJZR8	
117632	The Barn School	9B09WAV	
117633	St Edmund's College	9B09SPZ	
117634	Hart House School		
117635	Charlotte House Preparatory School		
117636	York House School		
117637	Homewood Independent School	5T8JAQSS	
117638	St Columba's College	2X6MTCZY	
117639	Francis House Preparatory School	2X6MZ9W3	
117640	Stanborough Secondary School		
117641	Royal Masonic School for Girls		
117642	St Francis College		
117643	Lochinver House School	9B1AJKE	
117644	Stormont School	9B1AJMG	
117645	St Columba's Preparatory School	2X6MTCZY	
117646	Radlett Lodge School	2X6MYN7R	
117647	St Albans School	5T8JAGTK	
117648	Haberdashers' Aske's Boys' School	9B1AHHC	
117649	Haberdashers' Aske's School for Girls	9B1AGR6	
117650	The King's School	9A1REM8	
117651	Merchant Taylors' Prep School	5T8FRDD9	
117652	Radlett Nursery and Infant School		
117653	Berkhamsted Pre-Prep School	5T8JQ7FV	
117654	Bhaktivedanta Manor School		
117656	Haresfoot Senior School		
117657	Immanuel College	9AD52PD	
117658	Manor Lodge School	9B1AKKG	
117659	Warrax House School		
117660	High Elms Manor School	5T8FRBHC	
117661	South Lodge School		
117662	Longwood School	9B1AJXV	
117663	Epping House School		
117664	Pinewood School	2X6MZT45	
117665	St Elizabeth's School		
117666	Knightsfield School	5T8JHA3Z	
117667	Garston Manor School	5T8FR09X	
117668	Boxmoor House School	9A2N551	
117669	The Valley School	5T8FDH0D	
117670	Colnbrook School	2X6MYD37	
117671	St Luke's School	2X6MTDT8	
117672	The Collett School	2X6MTS3N	
117673	Hailey Hall School	4D5CKW	
117674	Batchwood School	2X6MTDG1	
117675	The Hyde School		
117676	Middleton School	2X6MXBAD	
117677	Great Brookmead School		
117678	Hilltop School	2X6N035B	
117679	Lonsdale School		
117680	Lakeside School	2X6MTHMB	
117681	Breakspeare School	2X6MYKRW	
117682	Woodfield School	2X6MV9YK	
117683	Watling View School	2X6MT9W3	
117684	Amwell View School	9B1N31S	
117685	Heathlands School	2X6MTDHE	
117686	Falconer School	9B1AJXG	
117687	High Wick School	2X6N035B	
117688	The Edward Jenner Hospital School	9AQQR2W	
117689	Woolgrove School	2X6MXKK6	
117690	Greenside School	9C3QNZ4	
117691	Meadow Wood School	9AE04RC	
127416	Holy Rood Catholic Primary School	9A95YCZ	
127633	The Chrysalis School for Autism	9C3H48G	
129109	Highfield Nursery School		
129110	Burleigh Junior School	4D4WFP	
129111	Belswains Junior School	5T8JQGDJ	
129112	Morgans Walk Junior Mixed School	9B09KZQ	
129113	Mount Pleasant Lane Junior School	5T8JAMHS	
129114	Leavesden Green Junior Mixed School		
129115	Hobbs Hill Wood Junior School	2X6MVA3W	
129116	Belswains Infants' School		
129117	Hobbs Hill Wood Infants' School	2X6MVA3W	
129118	Bengeo Junior School	9B09W62	
129119	Bonneygrove Junior School	4D4MDG	
129120	Broad Oaks Junior Mixed School		
129121	Bishops Wood Infant School		
129122	Bellgate Junior Mixed School	5T8JQF4Y	
129123	Meriden Junior School		
129124	St Stephen's Infant School		
129125	Millwards Junior Mixed School	2X6MTBEZ	
129126	The Downs Infant School	2X6MTBEZ	
129127	Bellgate Infant School	5T8JQF4Y	
129128	Meriden Infant School		
129129	Bonneygrove Infants' School	4D4MDG	
129130	Wood End Junior Mixed School	2X6MTFBZ	
129131	Chalk Dell Infant School		
129132	Bengeo Infant School		
129133	Grangewood Infants' School	4D4WFP	
129134	Cranbourne Junior School	4D5MF5	
129135	Dundale Infant School		
129136	Cranbourne Infant School	4D5MF5	
129137	Leavesden Green Infant School		
129138	Wood End Infant School	2X6MTFBZ	
129139	Laurance Haines Infant School		
129140	Eastbrook Junior School	2X6MV5B0	
129141	Ley Park Junior School	4D59VX	
129142	Eastbrook Infant and Nursery School	2X6MV5B0	
129143	Wellfield Wood Junior School	2X6MX9R5	
129144	Grove Road Junior School	2X6MV8D9	
129145	Wellfield Wood Infant School	2X6MX9R5	
129146	Ley Park Infant School	4D59VX	
129147	Cottered VC Primary School		
129148	Westmill First School		
129149	Sir John Southworth RC Junior Mixed and Infant School		
129150	Pope Pius XII RC Primary School		
129151	Maragaret Dane School		
129152	Hadham Hall School		
129153	Hitchin School		
129154	Durrants School		
129155	Sir James Altham School		
129156	Hatfield School		
129157	Thomas Alleynes School		
129158	Bowes Lyon High School		
129159	The Marshalwick School	5T8JAHHX	
129160	The Willian School		
129161	Francis Bacon School		
129162	Halsey School		
129163	The Mountbatten School		
129164	Wheathampstead School		
129165	Stevenage Girls' School		
129166	The Augustus Smith School		
129167	Bishopslea School		
129168	Cardinal Bourne School		
129169	Thomas Bourne CofE Middle School		
129170	Roasry Priory High School		
129171	Lyndale School		
129172	Sherrardswood Junior School		
129173	Rosary Priory Preparatory School		
129174	Pamela Gardens School		
129176	Marlin Montessori School		
129177	Stanborough Secondary School		
129178	Broxbournebury School		
129179	Chorleywood College		
129180	Elmfield School		
129181	Hangers Wood School		
129182	Brandles School	2X6MXMZX	
129183	Greenside School	9C3QNZ4	
129184	Harperbury Hospital School	9AQQR2W	
129185	Springfield School		
129186	Home Field School	9C3QNZ4	
130160	Summercroft Primary School	9B09V9Y	
130338	Norfolk Lodge School Ltd	9AD5DF0	
130344	North Area Pupil Referral Unit		
130347	Hertford, Ware and Bishop's Stortford Area Pupil Referral Unit	9B09VV9	
130348	The Park Education Support Centre	9B1AJCK	
130349	South West Area Pupil Referral Unit		
130355	Buntingford Area Pupil Referral Unit	2X6MXNXN	
130356	The Links Education Support Centre	5T8JAGKZ	
130359	Stevenage Education Support Centre	9C3QPE3	
130362	Southfield School	2X6MTBE4	
130363	Shepherd Montessori School		
130720	West Herts College	5T8FR0G2	
130721	North Hertfordshire College	2X6MXKN8	
130722	Hertford Regional College	9B09WV0	
130723	Oaklands College	9A1R8X0	
131060	Brandles School	2X6MXMZX	
131100	Dacorum Education Support Centre		
131188	Bovingdon Primary School	2X6MV9XY	
131319	Haywood Grove School	2X6MV5B0	
131456	Clore Shalom School	9B1AK53	
131503	Larwood School	2X6N035B	
131505	Featherstone Wood Primary School	9ADG70Y	
131651	Hertsmere Jewish Primary School		
131955	Hertsmere Jewish Primary School	9B1AHEF	
131971	Hertswood School	9AE03ZP	
132015	St Elizabeth's College (The Congregation of the Daughters of the Cross of the Liege)		
132091	Lodge Farm Primary School	9C3QPF8	
132105	Birchwood Avenue Primary School	9AE9CV7	
132118	Sunny Bank Primary School		
133065	Grove Road Infant School	2X6MV8D9	
133134	South Lodge School		
133263	Roebuck Primary School and Nursery		
133295	Integrated Services Programme		
133323	Oughton Primary and Nursery School	5T8GM5Z3	
133488	Swallow Dell Primary and Nursery School	9AE9CV8	
133738	Redemption Academy		
133773	St Catherine's Hoddesdon CofE Primary School	4D5VED	
133783	University of Hertfordshire	2X6MTBJ3	
133917	Littlebury Resource Centre	4D5QVY	
133975	Muriel Green Nursery School	5T8JARDV	
134087	St Albans Independent College		
134197	Flamstead End Primary and Nursery School	4D4PHZ	
134488	Littlebury Resource Centre	4D5QVY	
134682	Windhill School	2X6MTKCB	
134684	Berrygrove Primary and Nursery School	9A95Y4M	
134685	Alban Wood Primary School and Nursery	2X6MYGZD	
134716	De Havilland Primary School	2X6MTBF0	
134786	Village Montessori	9A2N6TH	
134933	International Stanborough School		
134985	Yavneh College	9AE03VX	
135083	Longmeadow Primary School	5T8FDGYV	
135084	Shephalbury Park Primary School	9C3QNZ0	
135221	Maple Grove Primary School	2X6MV5B0	
135222	Yewtree Primary School	5T8JQF4Y	
135223	Oak View Primary and Nursery School	2X6MTBEZ	
135224	Galley Hill Primary School and Nursery	2X6MTSE6	
135339	Broadfield Primary School	5T8JQEN7	
135402	Education and Youth Services (Herts)	5T8FDDY5	
135528	Killigrew Primary and Nursery School	5T8JAQST	
135553	Focus School - Cheshunt Primary Campus	4D5QVY	
135560	Worldshapers Academy		
135596	Stanborough Primary School	5T8FR15Q	
135876	Francis Combe Academy	9AQ026H	
135890	Rivers Education Support Centre	4D5GPC	
135938	The Bushey Academy	9B1AJXE	
136024	Churchfield CofE VA Primary	4D609B	
136247	Roman Fields	9A2N551	
136276	Watford Grammar School for Boys		
136289	Watford Grammar School for Girls	5T8FR333	
136396	The Broxbourne School	4D59W3	
136482	Hockerill Anglo-European College	9B09QK4	
136554	Dame Alice Owen's School	9B1AJKN	
136606	Rickmansworth School	9A1SV4G	
136607	The John Warner School	4D5J74	
136608	The Knights Templar School	2X6MXN06	
136609	Sandringham School	5T8JAHHX	
136857	Bovingdon Primary Academy	2X6MV9XY	
136877	Queens' School	9AE04NH	
136899	Parmiter's School	2X6MYGZH	
136901	St Clement Danes School	2X6MYJWD	
136922	Yavneh College	9AE03VX	
136973	Roundwood Park School	2X6MTFB6	
137002	Freman College	2X6MXP1R	
137038	Verulam School	5T8FVP7Q	
137090	The Chauncy School	2X6MXAD9	
137110	Longdean School	2X6MV9YH	
137156	Leventhorpe	2X6MTJCP	
137224	Mount Grace School	9AE051S	
137238	Hammond Academy	5T8JQEQG	
137270	Sir John Lawes School	2X6MTFDH	
137288	Hitchin Girls' School	2X6MXHBD	
137339	St Albans Girls' School	2X6MTDMM	
137351	Summercroft Primary School	9B09V9Y	
137532	Goffs School	4D4ME9	
137637	Birchwood High School	9B09QS4	
137656	Meridian School	2X6MXNC2	
137657	Roysia Middle School	2X6MXNAP	
137658	The Greneway School	2X6MXNC1	
137757	Bishop's Hatfield Girls' School	2X6MTBBS	
137792	Onslow St Audrey's School	2X6MTBBK	
137847	Stanborough School	2X6MTHCA	
137861	Little Reddings Primary School	9B1AJVM	
137872	Bushey Meads School	9B1AK1T	
137895	The John Henry Newman Catholic School	9C3QMQ7	
137914	Saint Joan of Arc Catholic School		
137922	Saint Michael's Catholic High School		
137938	Nicholas Breakspear Catholic School	2X6MTE5Y	
137943	Applecroft School	2X6MTHMA	
137985	Presdales School	2X6MXAZE	
137997	Woolgrove School, Special Needs Academy	2X6MXKK6	
138042	The Marlborough Science Academy	2X6MT9S6	
138106	Loreto College	2X6MTA14	
138201	Hatfield Community Free School	9CQJSQ7	
138205	Fleetville Junior School	5T8JAG03	
138206	Fleetville Infant and Nursery School	2X6MTAHR	
138215	The Wroxham School	9B1AJKR	
138225	The Da Vinci Studio School of Science and Engineering	2X6MX8Y4	
138231	Alban City School	5T8GN26J	
138286	Beaumont School	2X6MTE5Z	
138288	St Catherine of Siena Catholic Primary School	5T8FR6JX	
138292	St Mary Roman Catholic Primary School	2X6MXNF8	
138316	St John Roman Catholic Primary School	9C3H55Z	
138322	Our Lady Catholic Primary School	9C3H984	
138352	Tring School	2X6MV863	
138354	St Thomas More Roman Catholic Primary School	2X6MXKNC	
138356	St George's School	2X6N02Y7	
138360	St Mary's Church of England High School (VA)	4D5Z7N	
138389	Garden City Academy	2X6MXKK5	
138484	The Sele School	2X6MXCRP	
138485	Knightsfield School	5T8JHA3Z	
138507	The Grove Academy	9A95Y4M	
138539	Northgate Primary School	2X6MTK10	
138561	Harpenden Free School		
138582	Samuel Ryder Academy	9AQQS5E	
138632	Monk's Walk School	5T8JH9XV	
138747	Hertswood Academy	9AE03ZP	
139036	Kings Langley School	5T8JQHE1	
139154	Hitchin Boys' School	2X6MXHSD	
139159	Mandeville Primary School	9A1RF1A	
139197	Links Academy	5T8JAGKZ	
139416	The Elstree UTC		
139507	Christ Church Chorleywood CofE School		
139545	Flamstead End School	4D4PHZ	
139550	Chaulden Junior School	2X6MTSD8	
139662	The Reach Free School		
139835	Rhodes Farm School		
139873	Richard Hale School	9B09VXK	
139902	The Da Vinci Studio School of Creative Enterprise		
140037	The Thomas Alleyne School	9C3QN4X	
140049	Westfield Academy	2X6MYE5R	
140238	Countess Anne Church of England School	5T8JHCB9	
140249	Ralph Sadleir School	9B09WFN	
140294	Simon Balle All-Through School	2X6MXBT7	
140611	Wilshere-Dacre Junior Academy	9C3H8GG	
140707	Crabtree Infants' School	2X6MTFQN	
140708	Crabtree Junior School	2X6MTFQN	
140786	The Hertfordshire & Essex High School and Science College	2X6MZTDB	
140954	Lanchester Community Free School		
140955	Jupiter Community Free School	2X6MV4WB	
140956	Ascot Road Community Free School		
141004	The Watford UTC		
141251	Pinewood School	2X6MZT45	
141851	Windhill21	2X6MTKCB	
141898	Fair Field Junior School	9B1AHFC	
142051	Haileybury Turnford	4D547M	
142221	Watford St John's Church of England Primary School		
142257	Hailey Hall School	4D5CKW	
142413	Garden City Montessori School		
142862	Yavneh Primary School		
143131	Sheredes School		
143409	Roselands Primary School		
143410	The Cranbourne Primary School		
